{
  "loss": 0.10013913473315869,
  "accuracy": 0.7660467906418716,
  "precision": 0.9334657398212513,
  "recall": 0.8065208065208065,
  "f1": 0.8653624856156502,
  "roc_auc": 0.5260016653821964
}