{
  "loss": 0.1080585226073243,
  "accuracy": 0.7089400921658986,
  "precision": 0.9420661368879775,
  "recall": 0.7309069212410502,
  "f1": 0.8231604882965617,
  "roc_auc": 0.6017939338194774
}